feature,importance
avg_session_duration,0.16850659025779016
goal_progress_percentage,0.16420491544910507
notification_response_rate,0.15842685486375033
content_completion_rate,0.15780519763728487
last_login_days_ago,0.09698444513405874
total_sessions,0.08879853606574113
days_since_signup,0.08549201773668391
streak_length,0.07978144285558579
